symboling,normalized_losses,num_of_doors,wheel_base,length,width,height,curb_weight,num_of_cylinders,engine_size,bore,stroke,compression_ratio,horsepower,peak_rpm,city_mpg,highway_mpg,price
1.7250496395313726,0.0,-1.1563776642280756,-1.6851071014504269,-0.43940949027592047,-0.8534602385780835,-2.034080714648201,-0.014857641735875506,-0.3436597655884195,0.07538912066139362,0.5208944657082577,-1.829927199657055,-0.2914346393624543,0.20398437505559577,-0.24655572865449377,-0.6522490130673254,-0.5422877155637627,13495.0
1.7250496395313726,0.0,-1.1563776642280756,-1.6851071014504269,-0.43940949027592047,-0.8534602385780835,-2.034080714648201,-0.014857641735875506,-0.3436597655884195,0.07538912066139362,0.5208944657082577,-1.829927199657055,-0.2914346393624543,0.20398437505559577,-0.24655572865449377,-0.6522490130673254,-0.5422877155637627,16500.0
0.12719260014977865,0.0,-1.1563776642280756,-0.7101029486352198,-0.2441523623198643,-0.18559674821135144,-0.5597134852387814,0.5180795074857565,1.548822779158766,0.6062341709236273,-2.433435188015375,0.6759379132565452,-0.2914346393624543,1.3576488148115324,-0.24655572865449377,-0.9643967550352598,-0.6893860027814634,16500.0
0.9261211198405757,1.3159313784047242,0.8647693836836046,0.1657482394869139,0.1951761755812667,0.14833499697201458,0.21842477472730015,-0.4237657816841095,-0.3436597655884195,-0.4313266091343749,-0.5262097153583472,0.45389923236546575,-0.04112115114839906,-0.03748027512587935,0.8018329466071403,-0.18402740011542393,-0.10099285391066044,13950.0
0.9261211198405757,1.3159313784047242,0.8647693836836046,0.09964626302486744,0.1951761755812667,0.24374406702440585,0.21842477472730015,0.5200174607556534,0.6025815067851733,0.22016504346018465,-0.5262097153583472,0.45389923236546575,-0.5417481275765096,0.3113019973584736,0.8018329466071403,-1.120470626019227,-1.2777791516522663,17450.0
0.9261211198405757,0.0,-1.1563776642280756,0.1657482394869139,0.2521261712351184,0.1960395319982068,-0.273030968409171,-0.0943137258016461,0.6025815067851733,0.22016504346018465,-0.5262097153583472,0.45389923236546575,-0.41659138346948194,0.1771549694798763,0.8018329466071403,-0.9643967550352598,-0.8364842899991641,15250.0
0.12719260014977865,1.1279411814897635,0.8647693836836046,1.1572778864176319,1.5050260756198222,2.6289708183341536,0.7917898083865209,0.5587765261535902,0.6025815067851733,0.22016504346018465,-0.5262097153583472,0.45389923236546575,-0.41659138346948194,0.1771549694798763,0.8018329466071403,-0.9643967550352598,-0.8364842899991641,17710.0
0.12719260014977865,0.0,0.8647693836836046,1.1572778864176319,1.5050260756198222,2.6289708183341536,0.7917898083865209,0.771951385842243,0.6025815067851733,0.22016504346018465,-0.5262097153583472,0.45389923236546575,-0.41659138346948194,0.1771549694798763,0.8018329466071403,-0.9643967550352598,-0.8364842899991641,18920.0
0.12719260014977865,1.1279411814897635,0.8647693836836046,1.1572778864176319,1.5050260756198222,2.6289708183341536,0.8736990989092647,1.0277612174686264,0.6025815067851733,0.09951844112785879,-0.7505891827297625,0.45389923236546575,-0.4666540811122928,0.98203713675146,0.8018329466071403,-1.276544497003194,-1.571975726087668,23875.0
0.9261211198405757,2.1932189640078734,-1.1563776642280756,0.39710515710408234,0.2114476029109396,-0.5195284933947175,0.21842477472730015,-0.3113644920300926,-0.3436597655884195,-0.4554559296008401,0.6330841993939645,-1.4492894609866358,-0.3414973370052652,-0.0643096807015988,1.4308661517641208,-0.3401012710993911,-0.2480911411283612,16430.0
-0.6717359195410183,2.1932189640078734,0.8647693836836046,0.39710515710408234,0.2114476029109396,-0.5195284933947175,0.21842477472730015,-0.3113644920300926,-0.3436597655884195,-0.4554559296008401,0.6330841993939645,-1.4492894609866358,-0.3414973370052652,-0.0643096807015988,1.4308661517641208,-0.3401012710993911,-0.2480911411283612,16925.0
-0.6717359195410183,2.0678921660645666,-1.1563776642280756,0.39710515710408234,0.2114476029109396,-0.5195284933947175,0.21842477472730015,0.2990907879874131,1.548822779158766,0.8957860165212094,-0.07745078061551651,-0.21221681030776954,-0.2914346393624543,0.4722784308127903,-1.8191387415469449,-0.6522490130673254,-0.3951894283460619,20970.0
-0.6717359195410183,2.0678921660645666,0.8647693836836046,0.39710515710408234,0.2114476029109396,-0.5195284933947175,0.21842477472730015,0.4056782178317395,1.548822779158766,0.8957860165212094,-0.07745078061551651,-0.21221681030776954,-0.2914346393624543,0.4722784308127903,-1.8191387415469449,-0.6522490130673254,-0.3951894283460619,21105.0
0.12719260014977865,0.0,0.8647693836836046,0.7771915217608572,1.2040046700209004,0.4822667421553806,0.7917898083865209,0.9676846661018241,1.548822779158766,0.8957860165212094,-0.07745078061551651,-0.21221681030776954,-0.2914346393624543,0.4722784308127903,-1.8191387415469449,-0.8083228840512926,-0.8364842899991641,24565.0
-0.6717359195410183,0.0,0.8647693836836046,0.7771915217608572,1.2040046700209004,0.4822667421553806,0.7917898083865209,1.3068264883337717,1.548822779158766,1.981605437512142,1.0818431341367953,0.4221794208095981,-0.5417481275765096,2.108872170931677,0.5921552115548135,-1.4326183679871614,-1.2777791516522663,30760.0
-0.6717359195410183,0.0,-1.1563776642280756,0.7771915217608572,1.5945189259330173,0.9593120924173302,-0.02730309684093398,1.5975194788182983,1.548822779158766,1.981605437512142,1.0818431341367953,0.4221794208095981,-0.5417481275765096,2.108872170931677,0.5921552115548135,-1.4326183679871614,-1.2777791516522663,41315.0
-0.6717359195410183,0.0,0.8647693836836046,1.851348639269135,1.8548617632077604,2.3904481432031788,1.037517679954755,1.8397636375554038,1.548822779158766,1.981605437512142,1.0818431341367953,0.4221794208095981,-0.5417481275765096,2.108872170931677,0.5921552115548135,-1.5886922389711284,-1.571975726087668,36880.0
0.9261211198405757,-0.031331699485826765,-1.1563776642280756,-1.7181580896814488,-2.693002175435425,-2.6662325695734905,-0.2320763231477977,-2.0690881078265297,-1.2899010379620124,-1.589533991524703,-1.5733138964249505,-0.7197337952016637,-0.1662778952554267,-1.48626817621473,-0.03687799360216693,3.405671632515821,3.2822677520964567,5151.0
0.12719260014977865,-0.7519607876598423,-1.1563776642280756,-0.7101029486352198,-1.4889165530397328,-1.0919829137090549,-0.7235320662842718,-1.321038145646348,-0.3436597655884195,-0.8897836979972131,-1.1245549616821213,-0.4659753027547166,-0.14124654643402124,-0.8960212535489019,0.5921552115548135,2.0010067936601166,1.8112848799194492,6295.0
-0.6717359195410183,-1.2845996789188974,0.8647693836836046,-0.7101029486352198,-1.2529808567594956,-1.0919829137090549,-0.7235320662842718,-1.2532097811999585,-0.3436597655884195,-0.8897836979972131,-1.1245549616821213,-0.4659753027547166,-0.14124654643402124,-0.8960212535489019,0.5921552115548135,2.0010067936601166,1.8112848799194492,6575.0
0.12719260014977865,-0.12532679794330706,-1.1563776642280756,-0.8423069015593151,-1.3750165617320318,-0.996573843656667,-1.2149878094207458,-1.3171622391065543,-0.3436597655884195,-0.8897836979972131,-1.348934429053535,-0.08533756408429602,-0.18880610919469162,-0.9496800647003408,0.8018329466071403,1.8449329226761493,1.5170883054840478,5572.0
0.12719260014977865,-0.12532679794330706,-1.1563776642280756,-0.8423069015593151,-1.3750165617320318,-0.996573843656667,-1.2149878094207458,-1.3171622391065543,-0.3436597655884195,-0.8897836979972131,-1.348934429053535,-0.08533756408429602,-0.1913092440768321,-0.9496800647003408,0.8018329466071403,0.9084896967723463,1.0757934438309456,6377.0
0.12719260014977865,-0.12532679794330706,-1.1563776642280756,-0.8423069015593151,-1.3750165617320318,-0.996573843656667,-1.2149878094207458,-0.8287980150925498,-0.3436597655884195,-0.6967491342654918,-1.1245549616821213,0.4221794208095981,-0.6418735228621317,-0.03748027512587935,0.8018329466071403,-0.18402740011542393,-0.10099285391066044,7957.0
0.12719260014977865,0.8146241866314959,0.8647693836836046,-0.8423069015593151,-1.3750165617320318,-0.996573843656667,-1.2968970999434897,-1.1408084915459415,-0.3436597655884195,-0.8897836979972131,-1.348934429053535,-0.08533756408429602,-0.1913092440768321,-0.9496800647003408,0.8018329466071403,0.9084896967723463,1.0757934438309456,6229.0
0.12719260014977865,0.8146241866314959,0.8647693836836046,-0.8423069015593151,-1.3750165617320318,-0.996573843656667,-1.2968970999434897,-1.098173519608211,-0.3436597655884195,-0.8897836979972131,-1.348934429053535,-0.08533756408429602,-0.1913092440768321,-0.9496800647003408,0.8018329466071403,0.9084896967723463,1.0757934438309456,6692.0
0.12719260014977865,0.8146241866314959,0.8647693836836046,-0.8423069015593151,-1.3750165617320318,-0.996573843656667,-1.2968970999434897,-1.098173519608211,-0.3436597655884195,-0.8897836979972131,-1.348934429053535,-0.08533756408429602,-0.1913092440768321,-0.9496800647003408,0.8018329466071403,0.9084896967723463,1.0757934438309456,7609.0
0.12719260014977865,0.8146241866314959,0.8647693836836046,-0.8423069015593151,-1.3750165617320318,-0.996573843656667,-1.2968970999434897,-0.7067069590890487,-0.3436597655884195,-0.6967491342654918,-1.1245549616821213,0.4221794208095981,-0.6418735228621317,-0.03748027512587935,0.8018329466071403,-0.18402740011542393,-0.10099285391066044,8558.0
-1.4706644392318151,-0.37598039382992116,0.8647693836836046,0.7441405335298327,0.032461902284551696,-0.6149375634471087,2.470930264102801,-0.040051034244534475,-0.3436597655884195,-0.11764544307032772,0.03473895307019033,0.6442181017006761,-0.41659138346948194,-0.4130919531859517,-0.24655572865449377,-0.18402740011542393,-0.10099285391066044,8921.0
1.7250496395313726,0.7206290881740156,-1.1563776642280756,-0.47874603101805135,-0.08143808902314928,0.1960395319982068,-1.46071568098898,0.4948240682469943,-0.3436597655884195,0.702751452789488,1.0070499783463234,2.0398898101588836,-0.7920616157905648,1.1161841646300572,-0.24655572865449377,-0.9643967550352598,-0.9835825772168649,12964.0
0.9261211198405757,0.4699754922874015,-1.1563776642280756,-2.015616983760666,-2.4082521971661737,-0.9488693086304714,-1.2149878094207458,-1.6330486220997398,-0.3436597655884195,-0.8415250570642828,-1.5733138964249505,0.4856190439213348,-0.14124654643402124,-1.2179741204575354,-0.6659111987591474,3.717819374483755,3.4293660393141576,6479.0
0.9261211198405757,0.4699754922874015,-1.1563776642280756,-2.015616983760666,-2.4082521971661737,-0.9488693086304714,-1.2149878094207458,-1.4276255754906744,-0.3436597655884195,-0.8415250570642828,-1.5733138964249505,0.4856190439213348,-0.24137194171964343,-0.7350448200945852,1.8502216218687746,0.9084896967723463,1.0757934438309456,6855.0
0.12719260014977865,-0.6579656892023621,-1.1563776642280756,-0.8423069015593151,-1.9689236592650428,-0.9011647736042757,-0.47780419471603475,-1.3927424166325313,-0.3436597655884195,-1.15520622312833,-1.5733138964249505,-0.5928545489781901,-0.016089802326993627,-1.1643153093060965,0.8018329466071403,2.0010067936601166,1.6641865927017485,5399.0
0.12719260014977865,-0.6579656892023621,-1.1563776642280756,-0.8423069015593151,-1.9689236592650428,-0.9011647736042757,-0.47780419471603475,-1.1931332298331563,-0.3436597655884195,-0.8415250570642828,-1.5733138964249505,0.4856190439213348,-0.24137194171964343,-0.7350448200945852,1.8502216218687746,0.7524158257883791,0.48740029496014253,6529.0
0.12719260014977865,-0.6579656892023621,-1.1563776642280756,-0.8423069015593151,-1.9689236592650428,-0.9011647736042757,-0.47780419471603475,-1.162125977514807,-0.3436597655884195,-0.8415250570642828,-1.5733138964249505,0.4856190439213348,-0.24137194171964343,-0.7350448200945852,1.8502216218687746,0.7524158257883791,0.48740029496014253,7129.0
-0.6717359195410183,-0.37598039382992116,0.8647693836836046,-0.3795930663249805,-0.8787380281770515,-0.9011647736042757,0.3003340652500468,-1.0574765009403773,-0.3436597655884195,-0.8415250570642828,-1.5733138964249505,0.4856190439213348,-0.24137194171964343,-0.7350448200945852,1.8502216218687746,0.7524158257883791,0.48740029496014253,7295.0
-0.6717359195410183,-1.3785947773763776,0.8647693836836046,-0.3795930663249805,-1.3912879890617047,-0.9488693086304714,1.85661058518221,-1.0303451551618215,-0.3436597655884195,-0.8415250570642828,-1.5359173185297155,0.4856190439213348,-0.24137194171964343,-0.7350448200945852,1.8502216218687746,0.7524158257883791,0.48740029496014253,7295.0
-0.6717359195410183,-0.5013071917732282,-1.1563776642280756,-0.3795930663249805,-0.5451737679187861,-0.328710353289935,-0.19112167788642728,-0.6194990619436906,-0.3436597655884195,-0.4071972886679097,-0.6757960269392908,1.0248558403710966,-0.2914346393624543,-0.46675076433739066,1.4308661517641208,0.2841942128364776,0.3403020077424418,7895.0
-0.6717359195410183,-0.5013071917732282,-1.1563776642280756,-0.3795930663249805,-0.5451737679187861,-0.328710353289935,-0.19112167788642728,-0.5167875386391579,-0.3436597655884195,-0.4071972886679097,-0.6757960269392908,1.0248558403710966,-0.2914346393624543,-0.46675076433739066,1.4308661517641208,0.2841942128364776,0.3403020077424418,9095.0
-0.6717359195410183,-1.1592728809755903,0.8647693836836046,-0.3795930663249805,0.09754761160323863,-0.328710353289935,0.13651548420455642,-0.4877182395907053,-0.3436597655884195,-0.4071972886679097,-0.6757960269392908,1.0248558403710966,-0.2914346393624543,-0.46675076433739066,1.4308661517641208,0.2841942128364776,0.3403020077424418,8845.0
-0.6717359195410183,-1.1592728809755903,0.8647693836836046,-0.3795930663249805,0.09754761160323863,-1.6167327989972,0.13651548420455642,-0.35593741723772,-0.3436597655884195,-0.4071972886679097,-0.6757960269392908,1.0248558403710966,-0.2914346393624543,-0.46675076433739066,1.4308661517641208,0.2841942128364776,0.3403020077424418,10295.0
-0.6717359195410183,-1.1592728809755903,0.8647693836836046,-0.3795930663249805,0.09754761160323863,-0.328710353289935,0.13651548420455642,-0.1757077631373135,-0.3436597655884195,-0.4071972886679097,-0.6757960269392908,1.0248558403710966,-0.2914346393624543,-0.0643096807015988,1.4308661517641208,-0.18402740011542393,-0.3951894283460619,12945.0
0.12719260014977865,-0.4699754922874015,-1.1563776642280756,-0.3795930663249805,-0.4150023492814146,0.05292592691962331,-1.1330785188979993,-0.5090357255595707,-0.3436597655884195,-0.4071972886679097,-0.6757960269392908,1.0248558403710966,-0.2664032905410489,-0.09113908627731826,0.8018329466071403,-0.02795352913145675,0.046105433307040304,10345.0
-0.6717359195410183,0.0,0.8647693836836046,-0.7431539368662442,-0.2848309306440431,-1.9506645441805661,-0.10921238736368064,-0.4237657816841095,-0.3436597655884195,-0.38306796820144456,-0.07745078061551651,-0.08533756408429602,-0.41659138346948194,-0.6813860089431463,-0.6659111987591474,-0.18402740011542393,-0.2480911411283612,6785.0
0.9261211198405757,0.0,-1.1563776642280756,-0.46222053690254034,-0.13025237101216333,-0.328710353289935,-0.9692599378525089,0.3456016664649374,-0.3436597655884195,-0.19003340446972322,0.37130815412731416,-0.08533756408429602,-0.24137194171964343,-0.3594331420345128,-0.24655572865449377,-0.18402740011542393,-0.2480911411283612,11048.0
-0.6717359195410183,0.7206290881740156,0.8647693836836046,2.347113462734494,2.0663903184934895,1.770289187862639,-0.395894904193291,2.926955421967533,1.548822779158766,3.1639421403689347,1.1192397120320303,2.896324722167329,-0.5167167787551041,1.9478957374773604,-0.7707500662853108,-1.5886922389711284,-1.7190740133053686,32250.0
-0.6717359195410183,0.0,0.8647693836836046,2.347113462734494,2.0663903184934895,1.770289187862639,-0.395894904193291,2.926955421967533,1.548822779158766,3.1639421403689347,1.1192397120320303,2.896324722167329,-0.5167167787551041,1.9478957374773604,-0.7707500662853108,-1.5886922389711284,-1.7190740133053686,35550.0
-0.6717359195410183,0.0,-1.1563776642280756,0.5293091100281776,1.4236689389714647,2.2473345381245884,-2.443627167261928,2.702152842659499,7.226270413400323,4.804735932088566,0.7826705109749081,-1.5761687072101092,0.3343490811726838,4.255224616989234,-0.24655572865449377,-1.9008399809390628,-2.01327058774077,36000.0
0.12719260014977865,-0.5639705907448818,-1.1563776642280756,-0.9414598662523883,-1.2285737157649899,-0.8057557035518845,0.13651548420455642,-1.2900308933279985,-0.3436597655884195,-0.8656543775307479,-1.1245549616821213,-0.3390960565312431,-0.2914346393624543,-0.9496800647003408,-0.24655572865449377,0.7524158257883791,0.046105433307040304,5195.0
0.12719260014977865,-0.5639705907448818,-1.1563776642280756,-0.9414598662523883,-1.2285737157649899,-0.8057557035518845,0.13651548420455642,-1.2706513606290302,-0.3436597655884195,-0.8656543775307479,-1.1245549616821213,-0.3390960565312431,-0.2914346393624543,-0.9496800647003408,-0.24655572865449377,0.9084896967723463,1.0757934438309456,6095.0
0.12719260014977865,-0.5639705907448818,-1.1563776642280756,-0.9414598662523883,-1.2285737157649899,-0.8057557035518845,0.13651548420455642,-1.2609615942795458,-0.3436597655884195,-0.8656543775307479,-1.1245549616821213,-0.3390960565312431,-0.2914346393624543,-0.9496800647003408,-0.24655572865449377,0.9084896967723463,1.0757934438309456,6795.0
0.12719260014977865,-0.2819852953724409,0.8647693836836046,-0.9414598662523883,-0.6021237635726355,-0.8057557035518845,0.13651548420455642,-1.1834434634836721,-0.3436597655884195,-0.8656543775307479,-1.1245549616821213,-0.3390960565312431,-0.2914346393624543,-0.9496800647003408,-0.24655572865449377,0.9084896967723463,1.0757934438309456,6695.0
0.12719260014977865,-0.2819852953724409,0.8647693836836046,-0.9414598662523883,-0.6021237635726355,-0.8057557035518845,0.13651548420455642,-1.173753697134188,-0.3436597655884195,-0.8656543775307479,-0.9375720722059412,-0.3390960565312431,-0.2914346393624543,-0.9496800647003408,-0.24655572865449377,0.9084896967723463,1.0757934438309456,7395.0
1.7250496395313726,0.8772875856031495,-1.1563776642280756,-0.5778989957111246,-0.4231380629462499,-0.09018767815896019,-1.706443552557217,-0.3404337910785452,-2.2361423103356053,-1.3723701073265164,-1.660741672859161e-15,-1.4086426050438461e-15,-0.1913092440768321,-0.0643096807015988,1.8502216218687746,-1.276544497003194,-1.1306808644345656,10945.0
1.7250496395313726,0.8772875856031495,-1.1563776642280756,-0.5778989957111246,-0.4231380629462499,-0.09018767815896019,-1.706443552557217,-0.3404337910785452,-2.2361423103356053,-1.3723701073265164,-1.660741672859161e-15,-1.4086426050438461e-15,-0.1913092440768321,-0.0643096807015988,1.8502216218687746,-1.276544497003194,-1.1306808644345656,11845.0
1.7250496395313726,0.8772875856031495,-1.1563776642280756,-0.5778989957111246,-0.4231380629462499,-0.09018767815896019,-1.706443552557217,-0.330744024729061,-2.2361423103356053,-1.3723701073265164,-1.660741672859161e-15,-1.4086426050438461e-15,-0.1913092440768321,-0.0643096807015988,1.8502216218687746,-1.276544497003194,-1.1306808644345656,13645.0
1.7250496395313726,0.8772875856031495,-1.1563776642280756,-0.5778989957111246,-0.4231380629462499,-0.09018767815896019,-1.706443552557217,-0.107879398690924,-2.2361423103356053,-1.1310769026618648,-1.660741672859161e-15,-1.4086426050438461e-15,-0.1913092440768321,0.8478901088728628,1.8502216218687746,-1.4326183679871614,-1.1306808644345656,15645.0
0.12719260014977865,0.21932189640078736,-1.1563776642280756,0.0004932983317942418,0.29280473955929714,0.2914486020505981,-0.02730309684093398,-0.330744024729061,-0.3436597655884195,-0.11764544307032772,0.22172184254637062,0.4221794208095981,-0.3915600346480765,-0.5204095754888296,-0.6659111987591474,0.12812034185251042,0.19320372052474105,8845.0
-0.6717359195410183,-0.21932189640078736,0.8647693836836046,0.0004932983317942418,0.29280473955929714,0.2914486020505981,0.7098805178637743,-0.2822951929816399,-0.3436597655884195,-0.11764544307032772,0.22172184254637062,0.4221794208095981,-0.3915600346480765,-0.5204095754888296,-0.6659111987591474,0.12812034185251042,0.19320372052474105,8495.0
0.12719260014977865,0.21932189640078736,-1.1563776642280756,0.0004932983317942418,0.29280473955929714,0.2914486020505981,-0.02730309684093398,-0.330744024729061,-0.3436597655884195,-0.11764544307032772,0.22172184254637062,0.4221794208095981,-0.3915600346480765,-0.5204095754888296,-0.6659111987591474,0.12812034185251042,0.19320372052474105,10595.0
-0.6717359195410183,-0.21932189640078736,0.8647693836836046,0.0004932983317942418,0.29280473955929714,0.2914486020505981,0.7098805178637743,-0.2822951929816399,-0.3436597655884195,-0.11764544307032772,0.22172184254637062,0.4221794208095981,-0.3915600346480765,-0.5204095754888296,-0.6659111987591474,0.12812034185251042,0.19320372052474105,10245.0
-0.6717359195410183,0.0,0.8647693836836046,0.0004932983317942418,0.29280473955929714,0.2914486020505981,0.7098805178637743,-0.2183427350750441,-0.3436597655884195,-0.11764544307032772,0.22172184254637062,0.4221794208095981,3.1378601491701024,-1.0569976870032187,-0.9804278013376376,1.6888590516921822,1.6641865927017485,10795.0
-0.6717359195410183,-0.21932189640078736,0.8647693836836046,0.0004932983317942418,0.29280473955929714,0.2914486020505981,0.7098805178637743,-0.2532258939331873,-0.3436597655884195,-0.11764544307032772,0.22172184254637062,0.4221794208095981,-0.3915600346480765,-0.5204095754888296,-0.6659111987591474,0.12812034185251042,0.19320372052474105,11245.0
-0.6717359195410183,-0.12532679794330706,0.8647693836836046,1.0085484393780255,0.06500475694389517,0.10063046194581556,0.2593794199886735,0.2215726571915394,-0.3436597655884195,0.3166823253260453,1.605395224670096,-0.30737624497537397,-0.5417481275765096,0.44544902523707086,-0.24655572865449377,-0.9643967550352598,-0.5422877155637627,18280.0
-0.6717359195410183,0.0,0.8647693836836046,1.0085484393780255,0.06500475694389517,0.10063046194581556,0.2593794199886735,0.2797112552884447,-0.3436597655884195,0.1719064025272543,0.37130815412731416,1.2151747097063068,2.9626407074202636,-0.842362442397463,-1.9239776090731084,0.9084896967723463,1.2228917310486462,18344.0
-1.4706644392318151,-0.9086192850889762,0.8647693836836046,1.851348639269135,1.35858322965278,2.104220933046005,1.1194269704775017,1.8591431702543721,0.6025815067851733,1.3542431053840476,0.9322568225558516,1.2151747097063068,2.837483963313236,0.5259372419642292,-1.6094610064946182,-0.4961751420833583,-0.8364842899991641,25552.0
-1.4706644392318151,-0.9086192850889762,0.8647693836836046,1.851348639269135,1.35858322965278,2.104220933046005,2.020429166227703,2.3145621886801306,0.6025815067851733,1.3542431053840476,0.9322568225558516,1.2151747097063068,2.837483963313236,0.5259372419642292,-1.6094610064946182,-0.4961751420833583,-0.8364842899991641,28248.0
-0.6717359195410183,-0.9086192850889762,-1.1563776642280756,1.3060073334572404,1.0819689650483642,2.104220933046005,0.4641526462955372,1.8203841048564353,0.6025815067851733,1.3542431053840476,0.9322568225558516,1.2151747097063068,2.837483963313236,0.5259372419642292,-1.6094610064946182,-0.4961751420833583,-0.8364842899991641,28176.0
-1.4706644392318151,-0.9086192850889762,0.8647693836836046,2.776776309737804,2.310461728438562,2.772084423412737,1.037517679954755,2.3533212540780672,0.6025815067851733,1.3542431053840476,0.9322568225558516,1.2151747097063068,2.837483963313236,0.5259372419642292,-1.6094610064946182,-0.4961751420833583,-0.8364842899991641,31600.0
-1.4706644392318151,0.0,0.8647693836836046,2.776776309737804,2.310461728438562,2.772084423412737,1.1194269704775017,2.295182655981162,3.4413053239059517,2.584838449173771,0.483497887813021,-0.4976951143105843,-0.4666540811122928,1.3844782203872519,-0.7707500662853108,-1.4326183679871614,-1.8661723005230695,34184.0
1.7250496395313726,0.6266339897165353,-1.1563776642280756,-0.3630675722094695,0.4961975811801909,2.199630003098396,-1.2149878094207458,2.1885952261368358,3.4413053239059517,2.584838449173771,0.483497887813021,-0.4976951143105843,-0.4666540811122928,1.3844782203872519,-0.7707500662853108,-1.4326183679871614,-1.8661723005230695,35056.0
-0.6717359195410183,0.0,0.8647693836836046,3.6526274978599402,2.7579259800045284,2.772084423412737,1.2013362610002483,2.605255179164657,3.4413053239059517,4.370408163692193,1.7549815362510395,0.29530017458612456,-0.5417481275765096,2.162530982083116,-1.294944403916128,-1.7447661099550955,-2.160368874958471,40960.0
0.12719260014977865,0.0,-1.1563776642280756,2.1818585215793744,2.033847463834146,2.9151980284913206,0.6689258726024009,2.2467338242337407,3.4413053239059517,4.273890881826333,1.7549815362510395,0.29530017458612456,-0.5417481275765096,2.162530982083116,-1.294944403916128,-1.7447661099550955,-2.160368874958471,45400.0
0.12719260014977865,0.0,-1.1563776642280756,0.6449875688367619,0.3416190215483112,1.0070166274435224,0.4231980010341639,0.6866814419667818,-0.3436597655884195,0.3166823253260453,1.6801883804605677,-0.4342554911988475,-0.5417481275765096,1.921066331901641,-0.24655572865449377,-0.9643967550352598,-0.9835825772168649,16503.0
0.9261211198405757,1.2219362799472437,-1.1563776642280756,-0.8423069015593151,-1.3750165617320318,-0.7103466334994932,-1.2149878094207458,-1.2357682017708869,-0.3436597655884195,-0.8415250570642828,-1.348934429053535,-0.08533756408429602,-0.1913092440768321,-0.9496800647003408,0.8018329466071403,1.8449329226761493,1.5170883054840478,5389.0
0.9261211198405757,1.2219362799472437,-1.1563776642280756,-0.8423069015593151,-1.3750165617320318,-0.7103466334994932,-1.2149878094207458,-1.185381416753569,-0.3436597655884195,-0.8415250570642828,-1.348934429053535,-0.08533756408429602,-0.1913092440768321,-0.9496800647003408,0.8018329466071403,0.9084896967723463,1.0757934438309456,6189.0
0.9261211198405757,1.2219362799472437,-1.1563776642280756,-0.8423069015593151,-1.3750165617320318,-0.7103466334994932,-1.2149878094207458,-1.0691042205597583,-0.3436597655884195,-0.8415250570642828,-1.348934429053535,-0.08533756408429602,-0.1913092440768321,-0.9496800647003408,0.8018329466071403,0.9084896967723463,1.0757934438309456,6669.0
0.12719260014977865,1.2219362799472437,-1.1563776642280756,-0.9579853603678993,-1.3750165617320318,-0.996573843656667,-1.2149878094207458,-0.7958528095043035,-0.3436597655884195,-0.6967491342654918,-1.1245549616821213,0.4221794208095981,-0.6418735228621317,-0.03748027512587935,0.8018329466071403,-0.18402740011542393,-0.10099285391066044,7689.0
1.7250496395313726,0.9712826840606297,-1.1563776642280756,-0.4126440545560049,-0.09770951635281987,-0.23330128323754368,-1.7883528430799638,-0.3598133237775137,-0.3436597655884195,-0.4071972886679097,-0.601002871148819,0.6442181017006761,-0.6669048716835372,0.338131402934193,0.8018329466071403,-0.3401012710993911,-0.10099285391066044,9959.0
1.7250496395313726,0.9712826840606297,-1.1563776642280756,-0.4126440545560049,-0.09770951635281987,-0.23330128323754368,-1.7883528430799638,-0.4412073611131811,-0.3436597655884195,-0.11764544307032772,0.07213553096542705,0.6442181017006761,-0.41659138346948194,-0.4130919531859517,-0.24655572865449377,-0.02795352913145675,0.19320372052474105,8499.0
1.7250496395313726,0.0,-1.1563776642280756,-0.47874603101805135,-0.08143808902314928,0.1960395319982068,-1.46071568098898,0.5374590401847249,-0.3436597655884195,0.702751452789488,0.9322568225558516,1.9130105639354098,-0.7920616157905648,1.1161841646300572,-0.24655572865449377,-0.9643967550352598,-0.9835825772168649,12629.0
1.7250496395313726,0.0,-1.1563776642280756,-0.47874603101805135,-0.08143808902314928,0.1960395319982068,-1.46071568098898,0.7079989279356471,-0.3436597655884195,0.702751452789488,0.9696534004510867,1.9130105639354098,-0.7920616157905648,1.1161841646300572,-0.24655572865449377,-0.9643967550352598,-0.9835825772168649,14869.0
1.7250496395313726,0.0,-1.1563776642280756,-0.47874603101805135,-0.08143808902314928,0.1960395319982068,-1.46071568098898,0.7176886942851314,-0.3436597655884195,0.702751452789488,0.9696534004510867,1.9130105639354098,-0.7920616157905648,1.1161841646300572,-0.24655572865449377,-0.9643967550352598,-0.9835825772168649,14489.0
0.12719260014977865,0.09399509845748029,0.8647693836836046,-0.4126440545560049,-0.1465237983418339,-0.23330128323754368,-0.8873506473297622,-0.3695030901269979,-0.3436597655884195,-0.11764544307032772,0.07213553096542705,0.6442181017006761,-0.41659138346948194,-0.4130919531859517,-0.24655572865449377,-0.02795352913145675,0.19320372052474105,6989.0
0.12719260014977865,0.09399509845748029,0.8647693836836046,-0.4126440545560049,-0.1465237983418339,-0.23330128323754368,-0.8873506473297622,-0.2919849593311241,-0.3436597655884195,-0.11764544307032772,0.07213553096542705,0.6442181017006761,-0.41659138346948194,-0.4130919531859517,-0.24655572865449377,-0.02795352913145675,0.19320372052474105,8189.0
0.12719260014977865,0.09399509845748029,0.8647693836836046,-0.4126440545560049,-0.1465237983418339,-0.23330128323754368,-0.8873506473297622,-0.2958608658709178,-0.3436597655884195,-0.4071972886679097,-0.601002871148819,0.6442181017006761,-0.6669048716835372,0.338131402934193,0.8018329466071403,-0.3401012710993911,-0.10099285391066044,9279.0
-1.4706644392318151,0.4699754922874015,0.8647693836836046,-0.4126440545560049,-0.1465237983418339,-0.23330128323754368,-0.8873506473297622,-0.2958608658709178,-0.3436597655884195,-0.4071972886679097,-0.601002871148819,0.6442181017006761,-0.6669048716835372,0.338131402934193,0.8018329466071403,-0.3401012710993911,-0.10099285391066044,9279.0
0.12719260014977865,0.18799019691496058,-1.1563776642280756,-0.7101029486352198,-0.7241594685451718,-0.996573843656667,0.3003340652500468,-1.2919688465978953,-0.3436597655884195,-0.7208784547319569,-0.6757960269392908,0.10498130525091427,-0.1913092440768321,-0.9228506591246214,0.1727997414501599,0.9084896967723463,0.9286951566132448,5499.0
0.12719260014977865,0.18799019691496058,-1.1563776642280756,-0.7101029486352198,-0.7241594685451718,-0.996573843656667,0.3003340652500468,-1.0439108280510994,-0.3436597655884195,-0.576102531933166,-1.2741412732630633,0.6759379132565452,2.937609358598858,-1.2984623371846937,-0.6659111987591474,3.093523890547887,2.8409728904433544,7099.0
0.12719260014977865,0.18799019691496058,-1.1563776642280756,-0.7101029486352198,-0.7241594685451718,-0.996573843656667,0.3003340652500468,-1.2357682017708869,-0.3436597655884195,-0.7208784547319569,-0.6757960269392908,0.10498130525091427,-0.1913092440768321,-0.9228506591246214,0.1727997414501599,0.9084896967723463,0.9286951566132448,6649.0
0.12719260014977865,0.0,0.8647693836836046,-0.7101029486352198,-0.7241594685451718,-0.996573843656667,0.3003340652500468,-1.19700913637295,-0.3436597655884195,-0.7208784547319569,-0.6757960269392908,0.10498130525091427,-0.1913092440768321,-0.9228506591246214,0.1727997414501599,0.9084896967723463,0.9286951566132448,6849.0
0.12719260014977865,-0.5953022902307086,0.8647693836836046,-0.7101029486352198,-0.32550949896822184,-0.996573843656667,-0.10921238736368064,-1.0303451551618215,-0.3436597655884195,-0.7208784547319569,-0.6757960269392908,0.10498130525091427,-0.1913092440768321,-0.9228506591246214,0.1727997414501599,0.9084896967723463,0.9286951566132448,7349.0
0.12719260014977865,0.18799019691496058,-1.1563776642280756,-0.7101029486352198,-0.7241594685451718,-0.996573843656667,0.3003340652500468,-1.171815743864291,-0.3436597655884195,-0.7208784547319569,-0.6757960269392908,0.10498130525091427,-0.1913092440768321,-0.9228506591246214,0.1727997414501599,0.9084896967723463,0.9286951566132448,7299.0
0.12719260014977865,0.18799019691496058,-1.1563776642280756,-0.7101029486352198,-0.699752327550666,-0.996573843656667,-0.19112167788642728,-1.0225933420822342,-0.3436597655884195,-0.7208784547319569,-0.6757960269392908,0.10498130525091427,-0.1913092440768321,-0.9228506591246214,0.1727997414501599,0.9084896967723463,0.9286951566132448,7799.0
0.12719260014977865,0.0,0.8647693836836046,-0.7101029486352198,-0.7241594685451718,-0.996573843656667,0.3003340652500468,-1.1330566784663543,-0.3436597655884195,-0.7208784547319569,-0.6757960269392908,0.10498130525091427,-0.1913092440768321,-0.9228506591246214,0.1727997414501599,0.9084896967723463,0.9286951566132448,7499.0
0.12719260014977865,-0.5953022902307086,0.8647693836836046,-0.7101029486352198,-0.32550949896822184,-0.996573843656667,-0.10921238736368064,-1.0051517626531625,-0.3436597655884195,-0.7208784547319569,-0.6757960269392908,0.10498130525091427,-0.1913092440768321,-0.9228506591246214,0.1727997414501599,0.9084896967723463,0.9286951566132448,7999.0
0.9261211198405757,1.4412581763480312,-1.1563776642280756,-0.6109499839421489,-0.960095164825409,-0.996573843656667,-0.19112167788642728,-1.061352407480171,-0.3436597655884195,-0.7208784547319569,-0.6757960269392908,0.10498130525091427,-0.1913092440768321,-0.9228506591246214,0.1727997414501599,0.9084896967723463,0.9286951566132448,8249.0
-0.6717359195410183,-0.5013071917732282,0.8647693836836046,-0.2639146075163963,-0.06516666169347639,-0.328710353289935,0.38224335577279345,-0.4489591741927685,-0.3436597655884195,-0.16590408400325807,-0.0026576248250447325,0.6759379132565452,-0.41659138346948194,-0.17162730300447662,0.1727997414501599,0.2841942128364776,0.48740029496014253,8949.0
-0.6717359195410183,-0.5013071917732282,0.8647693836836046,-0.2639146075163963,-0.06516666169347639,-0.328710353289935,0.38224335577279345,-0.491594146130499,-0.3436597655884195,-0.16590408400325807,-0.0026576248250447325,0.6759379132565452,-0.41659138346948194,-0.17162730300447662,0.1727997414501599,0.2841942128364776,0.48740029496014253,9549.0
-0.6717359195410183,0.18799019691496058,0.8647693836836046,0.2649012041799871,0.6100975724878895,0.2914486020505981,0.5460619368182839,1.045202796897698,1.548822779158766,1.3059844644511172,0.37130815412731416,0.041541682139177506,-0.2914346393624543,1.3039900036600935,0.1727997414501599,-1.276544497003194,-1.2777791516522663,13499.0
-0.6717359195410183,-0.43864379280157473,0.8647693836836046,0.2649012041799871,0.8460332687681268,0.2914486020505981,0.9556083894320113,1.4347314041469634,1.548822779158766,1.3059844644511172,0.37130815412731416,0.041541682139177506,-0.2914346393624543,1.3039900036600935,0.1727997414501599,-1.276544497003194,-1.2777791516522663,14399.0
-0.6717359195410183,-0.43864379280157473,0.8647693836836046,0.2649012041799871,0.8460332687681268,0.2914486020505981,0.5460619368182839,0.9773744324513084,1.548822779158766,1.3059844644511172,0.37130815412731416,0.041541682139177506,-0.2914346393624543,1.3039900036600935,0.1727997414501599,-0.9643967550352598,-0.8364842899991641,13499.0
1.7250496395313726,2.255882362979527,-1.1563776642280756,-1.2389187603316032,-0.2848309306440431,0.9593120924173302,-1.6654889072958436,0.9986919184201737,1.548822779158766,1.3059844644511172,0.37130815412731416,0.041541682139177506,-0.2914346393624543,1.518625248265849,0.1727997414501599,-0.9643967550352598,-0.8364842899991641,17199.0
1.7250496395313726,2.255882362979527,-1.1563776642280756,-1.2389187603316032,-0.2848309306440431,0.9593120924173302,-1.6654889072958436,1.130472740773159,1.548822779158766,1.3059844644511172,0.37130815412731416,0.041541682139177506,-0.5918108252193206,2.5918014712946276,0.1727997414501599,-1.276544497003194,-1.1306808644345656,19699.0
0.12719260014977865,3.4151552439551174,-1.1563776642280756,0.06659527479384304,0.3497547352131465,0.9593120924173302,-1.6654889072958436,1.130472740773159,1.548822779158766,1.3059844644511172,0.37130815412731416,0.041541682139177506,-0.2914346393624543,1.518625248265849,0.1727997414501599,-0.9643967550352598,-0.8364842899991641,18399.0
-0.6717359195410183,1.2219362799472437,0.8647693836836046,1.5043132628433846,1.0168832557296772,1.197834767548305,1.2013362610002483,0.8998563016554346,-0.3436597655884195,-0.16590408400325807,0.483497887813021,-0.21221681030776954,-0.44162273229088733,-0.17162730300447662,-0.24655572865449377,-0.9643967550352598,-0.9835825772168649,11900.0
-0.6717359195410183,1.2219362799472437,0.8647693836836046,1.5043132628433846,1.0168832557296772,1.197834767548305,1.2013362610002483,1.242874030427176,-0.3436597655884195,0.6062341709236273,1.3810157572986823,0.8345369710358863,2.7123272192062085,-0.22528611415591554,-2.028816476599272,0.44026808382044474,0.3403020077424418,13200.0
-0.6717359195410183,0.0,0.8647693836836046,2.545419392120638,2.00944032283964,1.197834767548305,2.020429166227703,1.3068264883337717,-0.3436597655884195,-0.16590408400325807,0.483497887813021,-0.21221681030776954,-0.44162273229088733,-0.17162730300447662,-0.24655572865449377,-0.9643967550352598,-0.9835825772168649,12440.0
-0.6717359195410183,0.0,0.8647693836836046,2.545419392120638,2.00944032283964,1.197834767548305,2.020429166227703,1.6944171423131404,-0.3436597655884195,0.6062341709236273,1.3810157572986823,0.8345369710358863,2.7123272192062085,-0.22528611415591554,-2.028816476599272,-0.02795352913145675,-0.8364842899991641,13860.0
-0.6717359195410183,1.2219362799472437,0.8647693836836046,1.5043132628433846,1.0168832557296772,1.197834767548305,1.2013362610002483,1.006443731499761,-0.3436597655884195,-0.16590408400325807,0.483497887813021,-3.3841979658946046,-0.44162273229088733,-0.22528611415591554,-0.24655572865449377,-0.9643967550352598,-0.9835825772168649,15580.0
-0.6717359195410183,1.2219362799472437,0.8647693836836046,1.5043132628433846,1.0168832557296772,1.197834767548305,1.2013362610002483,1.3494614602715023,-0.3436597655884195,0.6062341709236273,1.3810157572986823,0.8345369710358863,2.7123272192062085,-0.22528611415591554,-2.028816476599272,0.44026808382044474,0.3403020077424418,16900.0
-0.6717359195410183,0.0,0.8647693836836046,2.545419392120638,2.00944032283964,1.197834767548305,1.2013362610002483,1.4134139181780982,-0.3436597655884195,-0.16590408400325807,0.483497887813021,-3.3841979658946046,-0.44162273229088733,-0.22528611415591554,-0.24655572865449377,-0.9643967550352598,-0.9835825772168649,16695.0
-0.6717359195410183,0.0,0.8647693836836046,2.545419392120638,2.00944032283964,1.197834767548305,2.020429166227703,1.8010045721574668,-0.3436597655884195,0.6062341709236273,1.3810157572986823,0.8345369710358863,2.7123272192062085,-0.22528611415591554,-2.028816476599272,-0.02795352913145675,-0.8364842899991641,17075.0
-0.6717359195410183,1.2219362799472437,0.8647693836836046,1.5043132628433846,1.0168832557296772,1.197834767548305,1.2013362610002483,1.006443731499761,-0.3436597655884195,-0.16590408400325807,0.483497887813021,-0.21221681030776954,-0.44162273229088733,-0.17162730300447662,-0.24655572865449377,-0.9643967550352598,-0.9835825772168649,16630.0
-0.6717359195410183,1.2219362799472437,0.8647693836836046,1.5043132628433846,1.0168832557296772,1.197834767548305,1.2013362610002483,1.3494614602715023,-0.3436597655884195,0.6062341709236273,1.3810157572986823,0.8345369710358863,2.7123272192062085,-0.22528611415591554,-2.028816476599272,0.44026808382044474,0.3403020077424418,17950.0
-0.6717359195410183,1.2219362799472437,0.8647693836836046,1.5208387569588955,1.0168832557296772,1.1501302325221059,0.9146537441706379,1.1130311613440875,-0.3436597655884195,0.1719064025272543,1.0444465562415586,-0.14877718719603278,-0.7920616157905648,1.0356959479028989,1.0115106816594672,-1.120470626019227,-0.9835825772168649,18150.0
0.12719260014977865,-0.09399509845748029,-1.1563776642280756,-0.8423069015593151,-1.3750165617320318,-0.996573843656667,-1.2149878094207458,-1.2357682017708869,-0.3436597655884195,-0.8897836979972131,-1.348934429053535,-0.08533756408429602,-0.1913092440768321,-0.9496800647003408,0.8018329466071403,1.8449329226761493,1.5170883054840478,5572.0
0.12719260014977865,-0.09399509845748029,-1.1563776642280756,-0.8423069015593151,-1.3750165617320318,-0.996573843656667,-1.2149878094207458,-0.8287980150925498,-0.3436597655884195,-0.6967491342654918,-1.1245549616821213,0.4221794208095981,-0.6418735228621317,-0.03748027512587935,0.8018329466071403,-0.18402740011542393,-0.10099285391066044,7957.0
0.12719260014977865,1.0026143835464565,0.8647693836836046,-0.8423069015593151,-1.3750165617320318,-0.996573843656667,-1.2968970999434897,-1.1408084915459415,-0.3436597655884195,-0.8897836979972131,-1.348934429053535,-0.08533756408429602,-0.1913092440768321,-0.9496800647003408,0.8018329466071403,0.9084896967723463,1.0757934438309456,6229.0
0.12719260014977865,1.0026143835464565,0.8647693836836046,-0.8423069015593151,-0.5614451952484567,-0.996573843656667,-1.2149878094207458,-1.098173519608211,-0.3436597655884195,-0.8897836979972131,-1.348934429053535,-0.08533756408429602,-0.1913092440768321,-0.9496800647003408,0.8018329466071403,0.9084896967723463,1.0757934438309456,6692.0
0.12719260014977865,1.0026143835464565,0.8647693836836046,-0.8423069015593151,-0.5614451952484567,-0.996573843656667,-1.2149878094207458,-0.7067069590890487,-0.3436597655884195,-0.6967491342654918,-1.348934429053535,-0.08533756408429602,-0.1913092440768321,-0.9496800647003408,0.8018329466071403,0.9084896967723463,1.0757934438309456,7609.0
-1.4706644392318151,-1.5039215753196846,0.8647693836836046,0.7441405335298327,0.032461902284551696,-0.6149375634471087,2.470930264102801,-0.040051034244534475,-0.3436597655884195,-0.11764544307032772,0.07213553096542705,0.6442181017006761,-0.41659138346948194,-0.4130919531859517,-0.24655572865449377,-0.18402740011542393,-0.10099285391066044,8921.0
1.7250496395313726,0.0,-1.1563776642280756,-0.47874603101805135,-0.08143808902314928,0.1960395319982068,-1.46071568098898,0.5083897411362722,-0.3436597655884195,0.702751452789488,0.9696534004510867,1.9130105639354098,-0.7920616157905648,1.1161841646300572,-0.24655572865449377,-0.9643967550352598,-0.9835825772168649,12764.0
1.7250496395313726,2.005228767092913,-1.1563776642280756,-0.7101029486352198,-0.4312737766110852,1.1501302325221059,-1.46071568098898,0.4308716103403985,-0.3436597655884195,0.5821048504571622,2.278533626784342,-0.4659753027547166,-0.1662778952554267,1.0625253534786183,0.8018329466071403,-0.9643967550352598,-0.5422877155637627,22018.0
1.7250496395313726,0.0,-1.1563776642280756,-1.536377654410818,-0.4312737766110852,-0.4241194233423262,-0.8873506473297622,0.388236638402668,1.548822779158766,1.6196656305151644,1.5306020688796258,-1.132091345427952,-0.1662778952554267,2.7796073103246637,1.6405438868164477,-1.276544497003194,-0.8364842899991641,32528.0
1.7250496395313726,0.0,-1.1563776642280756,-1.536377654410818,-0.4312737766110852,-0.4241194233423262,-0.8873506473297622,0.388236638402668,1.548822779158766,1.6196656305151644,1.5306020688796258,-1.132091345427952,-0.1662778952554267,2.7796073103246637,1.6405438868164477,-1.276544497003194,-0.8364842899991641,34028.0
1.7250496395313726,0.0,-1.1563776642280756,-1.536377654410818,-0.4312737766110852,-0.4241194233423262,-0.8873506473297622,0.4735065822781291,1.548822779158766,1.6196656305151644,1.5306020688796258,-1.132091345427952,-0.1662778952554267,2.7796073103246637,1.6405438868164477,-1.276544497003194,-0.8364842899991641,37028.0
-0.6717359195410183,0.0,0.8647693836836046,-0.4456950427870293,0.593826145158219,0.2914486020505981,0.5870165820796571,0.045218909630926646,-0.3436597655884195,0.12364776159432396,0.483497887813021,2.0398898101588836,-0.36652868582667103,0.0,1.9070078910983904e-15,-0.3401012710993911,0.046105433307040304,9295.0
0.9261211198405757,0.0,-1.1563776642280756,-0.4456950427870293,0.2114476029109396,0.33915313707679035,-1.3378517452048628,-0.18539752948679775,-0.3436597655884195,0.12364776159432396,0.483497887813021,2.0398898101588836,-0.36652868582667103,0.0,1.9070078910983904e-15,-0.3401012710993911,0.046105433307040304,9895.0
1.7250496395313726,0.8772875856031495,-1.1563776642280756,0.05006978067832967,1.0087475420648417,0.2914486020505981,0.9556083894320113,0.1983172179527773,-0.3436597655884195,-0.14177476353679289,0.7826705109749081,-0.5928545489781901,-0.21383745801609705,0.1771549694798763,0.2776386089763233,-0.6522490130673254,-0.3951894283460619,11850.0
0.9261211198405757,-0.5639705907448818,0.8647693836836046,0.05006978067832967,1.0087475420648417,0.2914486020505981,0.9556083894320113,0.2700214889389605,-0.3436597655884195,-0.14177476353679289,0.7826705109749081,-0.5928545489781901,-0.21634059289823754,0.1771549694798763,0.2776386089763233,-0.6522490130673254,-0.3951894283460619,12170.0
1.7250496395313726,0.8772875856031495,-1.1563776642280756,0.05006978067832967,1.0087475420648417,0.2914486020505981,0.9556083894320113,0.2932769281777226,-0.3436597655884195,-0.14177476353679289,-2.9569872785486777,-3.7648357045650256,-0.21634059289823754,0.1771549694798763,0.2776386089763233,-0.6522490130673254,-0.3951894283460619,15040.0
0.9261211198405757,-0.5639705907448818,0.8647693836836046,0.05006978067832967,1.0087475420648417,0.2914486020505981,0.9556083894320113,0.3921125449424616,-0.3436597655884195,-0.14177476353679289,0.7826705109749081,-0.5928545489781901,-0.21634059289823754,0.1771549694798763,0.2776386089763233,-0.6522490130673254,-0.3951894283460619,15510.0
1.7250496395313726,0.8772875856031495,-1.1563776642280756,0.05006978067832967,1.0087475420648417,0.2914486020505981,0.9556083894320113,0.4890102084373038,-0.3436597655884195,-0.14177476353679289,0.7826705109749081,-0.5928545489781901,-0.2914346393624543,1.518625248265849,0.8018329466071403,-0.9643967550352598,-0.6893860027814634,18150.0
0.9261211198405757,-0.5639705907448818,0.8647693836836046,0.05006978067832967,1.0087475420648417,0.2914486020505981,0.9556083894320113,0.5645903859632807,-0.3436597655884195,-0.14177476353679289,0.7826705109749081,-0.5928545489781901,-0.2914346393624543,1.518625248265849,0.8018329466071403,-0.9643967550352598,-0.6893860027814634,18620.0
0.9261211198405757,-1.2219362799472437,-1.1563776642280756,-0.8423069015593151,-1.4075594163913754,-1.1873919837614462,-0.02730309684093398,-0.9799583701445036,-0.3436597655884195,-0.7208784547319569,1.0818431341367953,-2.844961169444843,-0.2914346393624543,-0.9228506591246214,-0.4562334637068206,0.9084896967723463,0.7815968693955441,5118.0
0.9261211198405757,-1.2219362799472437,-1.1563776642280756,-0.8423069015593151,-1.3262022797430177,-1.0919829137090549,-0.02730309684093398,-0.8443016412517246,-0.3436597655884195,-0.4554559296008401,1.0818431341367953,-1.9568064458805283,-0.36652868582667103,-0.8155330368217436,-1.5046221389684546,0.12812034185251042,0.046105433307040304,7053.0
0.9261211198405757,-1.2219362799472437,-1.1563776642280756,-0.9084088780213638,-1.3750165617320318,-0.996573843656667,0.7917898083865209,-0.6117472488641034,-0.3436597655884195,-0.4554559296008401,1.0818431341367953,-1.9568064458805283,-0.36652868582667103,-0.8155330368217436,-1.5046221389684546,0.12812034185251042,0.046105433307040304,7603.0
-0.6717359195410183,-0.6266339897165353,0.8647693836836046,-0.2639146075163963,-0.17906665300117738,-0.23330128323754368,-0.518758839977408,-0.7958528095043035,-0.3436597655884195,-0.4554559296008401,1.0818431341367953,-1.9568064458805283,-0.1662778952554267,-0.5740683866402685,-0.6659111987591474,1.0645635677563134,0.9286951566132448,7126.0
-0.6717359195410183,-0.6266339897165353,0.8647693836836046,-0.2639146075163963,-0.17906665300117738,-0.23330128323754368,-0.518758839977408,-0.7086449123589454,-0.3436597655884195,-0.4554559296008401,1.0818431341367953,-1.9568064458805283,-0.1662778952554267,-0.5740683866402685,-1.5046221389684546,0.44026808382044474,0.3403020077424418,7775.0
-0.6717359195410183,-0.6266339897165353,0.8647693836836046,-0.2639146075163963,-0.17906665300117738,-0.23330128323754368,-0.518758839977408,-0.417951921874419,-0.3436597655884195,-0.4554559296008401,1.0818431341367953,-1.9568064458805283,-0.2914346393624543,-0.252115519731635,0.1727997414501599,0.12812034185251042,0.19320372052474105,9960.0
-0.6717359195410183,-0.6266339897165353,0.8647693836836046,-0.29696559574742065,-0.17906665300117738,-0.23330128323754368,0.21842477472730015,-0.330744024729061,-0.3436597655884195,-0.4554559296008401,1.0818431341367953,-1.9568064458805283,-0.2914346393624543,-0.5740683866402685,-0.6659111987591474,-0.18402740011542393,-0.8364842899991641,9233.0
-0.6717359195410183,-0.6266339897165353,0.8647693836836046,-0.29696559574742065,-0.17906665300117738,-0.23330128323754368,0.21842477472730015,-0.08849986599195556,-0.3436597655884195,-0.4554559296008401,1.0818431341367953,-1.9568064458805283,-0.616842174040726,0.20398437505559577,-0.6659111987591474,-0.18402740011542393,-0.2480911411283612,11259.0
-0.6717359195410183,-1.0339460830322833,0.8647693836836046,-0.29696559574742065,-0.05703094802864111,-0.23330128323754368,-0.31398561367054434,-0.5148495853692612,-0.3436597655884195,-0.4554559296008401,1.0818431341367953,-1.9568064458805283,-0.2914346393624543,-0.5740683866402685,-0.6659111987591474,0.44026808382044474,0.19320372052474105,7463.0
-0.6717359195410183,-1.0339460830322833,0.8647693836836046,-0.29696559574742065,-0.05703094802864111,-0.23330128323754368,-0.31398561367054434,-0.19508729583628195,-0.3436597655884195,-0.4554559296008401,1.0818431341367953,-1.9568064458805283,-0.2914346393624543,-0.252115519731635,0.1727997414501599,-0.02795352913145675,0.046105433307040304,10198.0
-0.6717359195410183,-1.1592728809755903,0.8647693836836046,-0.3134910898629317,-0.048895234363805815,-0.23330128323754368,0.4641526462955372,-0.2629156602826715,-0.3436597655884195,-0.4554559296008401,1.0818431341367953,-1.9568064458805283,-0.2914346393624543,-0.5740683866402685,-0.6659111987591474,-0.3401012710993911,-0.2480911411283612,8013.0
-0.6717359195410183,-1.1592728809755903,0.8647693836836046,-0.3134910898629317,-0.048895234363805815,-0.23330128323754368,0.4641526462955372,0.18281359179360254,-0.3436597655884195,-0.4554559296008401,1.0818431341367953,-1.9568064458805283,-0.616842174040726,0.20398437505559577,-0.6659111987591474,-0.3401012710993911,-1.1306808644345656,11694.0
0.12719260014977865,-1.0966094820039367,-1.1563776642280756,-0.5117970192490757,-1.2611165704243332,-1.0919829137090549,0.3003340652500468,-1.1059253326877985,-0.3436597655884195,-0.8415250570642828,-1.0497618058916496,-0.7197337952016637,-0.2914346393624543,-1.1106564981546576,-0.6659111987591474,1.532785180708215,1.2228917310486462,5348.0
0.12719260014977865,-1.0966094820039367,-1.1563776642280756,-0.5117970192490757,-1.2611165704243332,-1.0919829137090549,0.3003340652500468,-0.999337902843472,-0.3436597655884195,-0.8415250570642828,-1.0497618058916496,-0.7197337952016637,-0.2914346393624543,-1.1106564981546576,-0.6659111987591474,0.9084896967723463,1.0757934438309456,6338.0
0.12719260014977865,-1.5039215753196846,0.8647693836836046,-0.5117970192490757,-1.2611165704243332,-1.0919829137090549,0.3003340652500468,-1.047786734590893,-0.3436597655884195,-0.8415250570642828,-1.0497618058916496,-0.7197337952016637,-0.2914346393624543,-1.1106564981546576,-0.6659111987591474,0.9084896967723463,1.0757934438309456,6488.0
-0.6717359195410183,-1.4099264768622044,0.8647693836836046,-0.5117970192490757,-0.36618806729240055,-1.0919829137090549,2.1842477472731936,-0.5342291180682296,-0.3436597655884195,-0.8415250570642828,-1.0497618058916496,-0.7197337952016637,-0.2914346393624543,-1.1106564981546576,-0.6659111987591474,0.9084896967723463,0.9286951566132448,6918.0
-0.6717359195410183,-1.2845996789188974,0.8647693836836046,-0.5117970192490757,-0.36618806729240055,-1.0919829137090549,2.1842477472731936,-0.5148495853692612,-0.3436597655884195,-0.8415250570642828,-1.0497618058916496,-0.7197337952016637,-0.2914346393624543,-1.1106564981546576,-0.6659111987591474,0.2841942128364776,0.19320372052474105,7898.0
-0.6717359195410183,-0.9712826840606297,0.8647693836836046,-0.5117970192490757,-0.36618806729240055,-1.0919829137090549,2.1842477472731936,1.0742720959461505,-0.3436597655884195,-0.8415250570642828,-1.0497618058916496,-0.7197337952016637,-0.2914346393624543,-1.1106564981546576,-0.6659111987591474,0.2841942128364776,0.19320372052474105,8778.0
-0.6717359195410183,-0.9712826840606297,0.8647693836836046,-0.5117970192490757,-0.6428023318968142,-0.7103466334994932,-0.31398561367054434,-0.9198818187777015,-0.3436597655884195,-0.6967491342654918,-0.5262097153583472,-0.7197337952016637,-0.2914346393624543,-0.8960212535489019,-0.6659111987591474,0.7524158257883791,0.9286951566132448,6938.0
-0.6717359195410183,-0.9712826840606297,0.8647693836836046,-0.5117970192490757,-0.6428023318968142,-0.7103466334994932,-0.395894904193291,-0.8656191272205899,-0.3436597655884195,-0.6967491342654918,-0.5262097153583472,-0.7197337952016637,-0.2914346393624543,-0.8960212535489019,-0.6659111987591474,0.7524158257883791,0.9286951566132448,7198.0
-0.6717359195410183,-0.9712826840606297,0.8647693836836046,-0.5117970192490757,-0.6428023318968142,-0.7103466334994932,-0.31398561367054434,-0.5439188844177137,-0.3436597655884195,-0.4071972886679097,-0.22703709219646007,0.29530017458612456,3.0877974515272912,-1.2716329316089743,-1.294944403916128,1.3767113097242478,0.7815968693955441,7898.0
-0.6717359195410183,-0.9712826840606297,0.8647693836836046,-0.5117970192490757,-0.6428023318968142,-0.7103466334994932,-0.395894904193291,-0.5439188844177137,-0.3436597655884195,-0.4071972886679097,-0.22703709219646007,0.29530017458612456,3.0877974515272912,-1.2716329316089743,-1.294944403916128,2.0010067936601166,2.399678028790252,7788.0
-0.6717359195410183,-0.9712826840606297,0.8647693836836046,-0.5117970192490757,-0.6428023318968142,-0.7103466334994932,-0.31398561367054434,-0.8946884262690424,-0.3436597655884195,-0.6967491342654918,-0.5262097153583472,-0.7197337952016637,-0.2914346393624543,-0.8960212535489019,-0.6659111987591474,2.0010067936601166,2.399678028790252,7738.0
-0.6717359195410183,-0.9712826840606297,0.8647693836836046,-0.5117970192490757,-0.6428023318968142,-0.7103466334994932,-0.395894904193291,-0.8404257347119308,-0.3436597655884195,-0.6967491342654918,-0.5262097153583472,-0.7197337952016637,-0.2914346393624543,-0.8960212535489019,-0.6659111987591474,0.44026808382044474,0.48740029496014253,8358.0
-0.6717359195410183,-0.9712826840606297,0.8647693836836046,-0.5117970192490757,-0.6428023318968142,-0.7103466334994932,-0.395894904193291,-0.8055425758537876,-0.3436597655884195,-0.6967491342654918,-0.5262097153583472,-0.7197337952016637,-0.2914346393624543,-0.8960212535489019,-0.6659111987591474,0.44026808382044474,0.48740029496014253,9258.0
0.12719260014977865,1.4412581763480312,-1.1563776642280756,-0.7101029486352198,-0.4475452039407581,-0.9011647736042757,-0.47780419471603475,-0.7493419310267793,-0.3436597655884195,-0.6967491342654918,-0.5262097153583472,-0.7197337952016637,-0.2914346393624543,-0.8960212535489019,-0.6659111987591474,0.5963419548044119,0.48740029496014253,8058.0
0.12719260014977865,1.4412581763480312,-1.1563776642280756,-0.7101029486352198,-0.4475452039407581,-0.9011647736042757,-0.47780419471603475,-0.6815135665803896,-0.3436597655884195,-0.6967491342654918,-0.5262097153583472,-0.7197337952016637,-0.2914346393624543,-0.8960212535489019,-0.6659111987591474,0.5963419548044119,0.48740029496014253,8238.0
0.12719260014977865,1.4412581763480312,-1.1563776642280756,-0.7101029486352198,-0.4475452039407581,-0.9011647736042757,-0.47780419471603475,-0.5632984171166823,-0.3436597655884195,-0.6967491342654918,-0.3392268258821669,-0.561134737422321,-0.1913092440768321,0.23081378063131522,3.1082880321827355,0.12812034185251042,-0.2480911411283612,9298.0
0.12719260014977865,1.4412581763480312,-1.1563776642280756,-0.7101029486352198,-0.4475452039407581,-0.9011647736042757,-0.47780419471603475,-0.4954700526702927,-0.3436597655884195,-0.6967491342654918,-0.3392268258821669,-0.561134737422321,-0.1913092440768321,0.23081378063131522,3.1082880321827355,0.12812034185251042,-0.2480911411283612,9538.0
0.9261211198405757,0.37598039382992116,-1.1563776642280756,-0.06560867813025222,0.16263332092192326,-0.1378922131851592,-0.7235320662842718,-0.030361267895050253,-0.3436597655884195,0.4614582481248363,1.0818431341367953,0.7710973479241495,-0.21634059289823754,0.338131402934193,-0.6659111987591474,-0.18402740011542393,-0.10099285391066044,8449.0
0.9261211198405757,0.37598039382992116,-1.1563776642280756,-0.06560867813025222,0.16263332092192326,-0.1378922131851592,-0.7235320662842718,-0.03811308097463763,-0.3436597655884195,0.4614582481248363,1.0818431341367953,0.7710973479241495,-0.21634059289823754,0.338131402934193,-0.6659111987591474,-0.18402740011542393,-0.10099285391066044,9639.0
0.9261211198405757,0.37598039382992116,-1.1563776642280756,-0.06560867813025222,0.16263332092192326,-0.1378922131851592,-0.7235320662842718,-0.009043781926184977,-0.3436597655884195,0.4614582481248363,1.0818431341367953,0.7710973479241495,-0.21634059289823754,0.338131402934193,-0.6659111987591474,-0.18402740011542393,-0.10099285391066044,9989.0
0.9261211198405757,0.37598039382992116,-1.1563776642280756,-0.06560867813025222,0.16263332092192326,-0.1378922131851592,-0.7235320662842718,0.239014236620611,-0.3436597655884195,0.4614582481248363,1.0818431341367953,0.7710973479241495,-0.21634059289823754,0.338131402934193,-0.6659111987591474,-0.18402740011542393,-0.10099285391066044,11199.0
0.9261211198405757,0.37598039382992116,-1.1563776642280756,-0.06560867813025222,0.16263332092192326,-0.1378922131851592,-0.7235320662842718,0.3068426010670005,-0.3436597655884195,0.4614582481248363,1.0818431341367953,0.7710973479241495,-0.21634059289823754,0.338131402934193,-0.6659111987591474,-0.18402740011542393,-0.10099285391066044,11549.0
0.9261211198405757,0.37598039382992116,-1.1563776642280756,-0.06560867813025222,0.16263332092192326,-0.1378922131851592,-0.31398561367054434,0.8126484045100767,-0.3436597655884195,0.4614582481248363,1.0818431341367953,0.7710973479241495,-0.21634059289823754,0.338131402934193,-0.6659111987591474,-0.18402740011542393,-0.10099285391066044,17669.0
-1.4706644392318151,-1.7859068706921257,0.8647693836836046,0.5954110864902264,0.1138190389329092,0.2914486020505981,0.4641526462955372,-0.4450832676529748,-0.3436597655884195,-0.11764544307032772,-0.07745078061551651,0.8979765941476231,-0.36652868582667103,-0.30577433088307393,-1.9239776090731084,0.5963419548044119,0.48740029496014253,8948.0
-1.4706644392318151,-1.7859068706921257,0.8647693836836046,0.5954110864902264,0.1138190389329092,0.2914486020505981,0.4641526462955372,-0.14663846408886086,-0.3436597655884195,-0.4071972886679097,-0.22703709219646007,0.29530017458612456,3.0877974515272912,-0.8155330368217436,-1.294944403916128,0.7524158257883791,0.3403020077424418,10698.0
-1.4706644392318151,-1.7859068706921257,0.8647693836836046,0.5954110864902264,0.1138190389329092,0.2914486020505981,0.05460619368180976,-0.2745433799020525,-0.3436597655884195,-0.11764544307032772,-0.07745078061551651,0.8979765941476231,-0.36652868582667103,-0.30577433088307393,-1.9239776090731084,0.2841942128364776,0.19320372052474105,9988.0
-1.4706644392318151,-1.7859068706921257,0.8647693836836046,0.5954110864902264,0.1138190389329092,0.2914486020505981,0.4641526462955372,-0.2745433799020525,-0.3436597655884195,-0.11764544307032772,-0.07745078061551651,0.8979765941476231,-0.36652868582667103,-0.30577433088307393,-1.9239776090731084,0.2841942128364776,0.19320372052474105,10898.0
-1.4706644392318151,-1.7859068706921257,0.8647693836836046,0.5954110864902264,0.1138190389329092,0.2914486020505981,0.05460619368180976,-0.1892734360265914,-0.3436597655884195,-0.11764544307032772,-0.07745078061551651,0.8979765941476231,-0.36652868582667103,-0.30577433088307393,-1.9239776090731084,0.2841942128364776,0.19320372052474105,11248.0
1.7250496395313726,2.3498774614370075,-1.1563776642280756,0.6780385570677863,0.756540418454934,0.8639030223649389,-0.7235320662842718,0.8145863577799736,1.548822779158766,1.0646912597864655,-0.22703709219646007,0.29530017458612456,-0.21634059289823754,1.5454546538415685,0.1727997414501599,-0.8083228840512926,-0.9835825772168649,16558.0
1.7250496395313726,2.3498774614370075,-1.1563776642280756,0.6780385570677863,0.756540418454934,0.8639030223649389,-0.7235320662842718,0.8921044885758472,1.548822779158766,1.0646912597864655,-0.22703709219646007,0.29530017458612456,-0.21634059289823754,1.5454546538415685,0.1727997414501599,-0.9643967550352598,-0.9835825772168649,15998.0
-1.4706644392318151,-1.0026143835464565,0.8647693836836046,0.9424464629159768,1.1063761060428723,0.2914486020505981,0.13651548420455642,1.1149691146139842,1.548822779158766,1.0646912597864655,-0.22703709219646007,0.29530017458612456,-0.24137194171964343,1.4113076259629713,0.1727997414501599,-0.8083228840512926,-0.9835825772168649,15690.0
-1.4706644392318151,0.0,0.8647693836836046,0.9424464629159768,1.1063761060428723,0.2914486020505981,0.13651548420455642,1.1537281800119212,1.548822779158766,0.8233980551218139,-0.22703709219646007,0.29530017458612456,-0.24137194171964343,1.4113076259629713,0.1727997414501599,-0.9643967550352598,-0.9835825772168649,15750.0
0.9261211198405757,0.0,-1.1563776642280756,-0.24738911340088524,-0.20347379399568555,-0.18559674821135144,0.7917898083865209,-0.5710502301962695,-0.3436597655884195,-0.7208784547319569,-1.1993481174725933,0.45389923236546575,3.212954195634319,-1.378950553911852,-0.6659111987591474,1.8449329226761493,2.2525797415725517,7775.0
0.9261211198405757,0.0,-1.1563776642280756,-0.24738911340088524,-0.20347379399568555,-0.18559674821135144,0.7917898083865209,-0.6718238002309055,-0.3436597655884195,-0.4313266091343749,-0.5262097153583472,0.45389923236546575,-0.2914346393624543,-0.4935801699131101,0.2776386089763233,0.2841942128364776,0.48740029496014253,7975.0
0.9261211198405757,-0.8772875856031495,0.8647693836836046,-0.24738911340088524,-0.20347379399568555,-0.18559674821135144,0.7917898083865209,-0.565236370386579,-0.3436597655884195,-0.7208784547319569,-1.1993481174725933,0.45389923236546575,3.212954195634319,-1.378950553911852,-0.6659111987591474,1.8449329226761493,2.2525797415725517,7995.0
0.9261211198405757,-0.8772875856031495,0.8647693836836046,-0.24738911340088524,-0.20347379399568555,-0.18559674821135144,0.7917898083865209,-0.666009940421215,-0.3436597655884195,-0.4313266091343749,-0.5262097153583472,0.45389923236546575,-0.2914346393624543,-0.4935801699131101,0.2776386089763233,0.2841942128364776,0.48740029496014253,8195.0
0.9261211198405757,-0.8772875856031495,0.8647693836836046,-0.24738911340088524,-0.20347379399568555,-0.18559674821135144,0.7917898083865209,-0.5439188844177137,-0.3436597655884195,-0.4313266091343749,-0.5262097153583472,0.45389923236546575,-0.2914346393624543,-0.4935801699131101,0.2776386089763233,0.2841942128364776,0.48740029496014253,8495.0
0.9261211198405757,-0.8772875856031495,0.8647693836836046,-0.24738911340088524,-0.20347379399568555,-0.18559674821135144,0.7917898083865209,-0.4586489405422527,-0.3436597655884195,-0.7208784547319569,-1.1993481174725933,0.45389923236546575,3.212954195634319,-0.9496800647003408,-1.294944403916128,1.8449329226761493,1.6641865927017485,9495.0
0.9261211198405757,-0.8772875856031495,0.8647693836836046,-0.24738911340088524,-0.20347379399568555,-0.18559674821135144,0.7917898083865209,-0.4954700526702927,-0.3436597655884195,-0.4313266091343749,-0.5262097153583472,0.45389923236546575,-0.04112115114839906,-0.09113908627731826,0.8018329466071403,0.12812034185251042,0.19320372052474105,9995.0
1.7250496395313726,0.0,-1.1563776642280756,-0.7101029486352198,-1.212302288435317,-0.8057557035518845,0.7508351631251475,-0.5846159030855476,-0.3436597655884195,-0.4313266091343749,-0.5262097153583472,0.45389923236546575,-0.41659138346948194,-0.3594331420345128,0.8018329466071403,-0.18402740011542393,-0.2480911411283612,11595.0
1.7250496395313726,4.198447731100787,-1.1563776642280756,-0.7101029486352198,-0.6916166138858306,-0.9011647736042757,-0.9692599378525089,-0.6485683609921433,-0.3436597655884195,-0.4313266091343749,-0.5262097153583472,0.45389923236546575,-0.41659138346948194,-0.3594331420345128,0.8018329466071403,-0.18402740011542393,-0.2480911411283612,9980.0
-0.6717359195410183,0.0,0.8647693836836046,0.2649012041799871,0.4880618675153533,0.4822667421553806,0.5460619368182839,0.2041310777624678,0.6025815067851733,0.22016504346018465,-0.5262097153583472,0.45389923236546575,-0.41659138346948194,0.1771549694798763,0.8018329466071403,-0.9643967550352598,-0.9835825772168649,13295.0
-0.6717359195410183,0.0,0.8647693836836046,0.2649012041799871,0.4880618675153533,0.4822667421553806,0.5460619368182839,0.045218909630926646,-0.3436597655884195,-0.7208784547319569,-1.1993481174725933,0.45389923236546575,3.212954195634319,-0.9496800647003408,-1.294944403916128,1.2206374387402805,1.0757934438309456,13845.0
-0.6717359195410183,0.0,0.8647693836836046,0.2649012041799871,0.7239975637955905,0.4822667421553806,0.5460619368182839,0.014211657312577146,-0.3436597655884195,-0.4313266091343749,-0.5262097153583472,0.45389923236546575,-0.2914346393624543,-0.4130919531859517,0.8018329466071403,-0.02795352913145675,0.046105433307040304,12290.0
-2.269592958922612,-0.5953022902307086,0.8647693836836046,0.9093954746849524,1.1877332426912297,0.6253803472339641,0.9965630346933846,0.6905573485065756,-0.3436597655884195,0.3408116457925105,1.6801883804605677,-0.3390960565312431,-0.1662778952554267,0.28447259178275414,0.5921552115548135,-0.3401012710993911,-0.3951894283460619,12940.0
-1.4706644392318151,-1.5039215753196846,0.8647693836836046,0.9093954746849524,1.1877332426912297,0.6253803472339641,1.528973423091229,0.9269876474339904,-0.3436597655884195,0.3408116457925105,1.6801883804605677,-0.3390960565312431,-0.1662778952554267,0.28447259178275414,0.5921552115548135,-0.3401012710993911,-0.3951894283460619,13415.0
-2.269592958922612,-0.5953022902307086,0.8647693836836046,0.9093954746849524,1.1877332426912297,0.6253803472339641,0.9965630346933846,0.7351302737142029,-0.3436597655884195,0.3408116457925105,1.6801883804605677,-0.3390960565312431,-0.1662778952554267,0.28447259178275414,0.5921552115548135,-0.18402740011542393,-0.3951894283460619,15985.0
-1.4706644392318151,-1.5039215753196846,0.8647693836836046,0.9093954746849524,1.1877332426912297,0.6253803472339641,1.528973423091229,0.9424912735931652,-0.3436597655884195,0.3408116457925105,1.6801883804605677,-0.3390960565312431,-0.1662778952554267,0.28447259178275414,0.5921552115548135,-0.18402740011542393,-0.3951894283460619,16515.0
-2.269592958922612,-0.5953022902307086,0.8647693836836046,0.9093954746849524,1.1877332426912297,0.6253803472339641,0.9965630346933846,0.9483051334028557,-0.3436597655884195,0.07538912066139362,1.0818431341367953,-0.3390960565312431,-0.6669048716835372,1.572284059417288,-0.03687799360216693,-1.276544497003194,-1.2777791516522663,18420.0
-1.4706644392318151,-1.5039215753196846,0.8647693836836046,0.9093954746849524,1.1877332426912297,0.6253803472339641,1.528973423091229,1.1653558996313023,-0.3436597655884195,0.07538912066139362,1.0818431341367953,-0.3390960565312431,-0.6669048716835372,1.572284059417288,-0.03687799360216693,-1.276544497003194,-1.2777791516522663,18950.0
-1.4706644392318151,-0.8459558861173226,0.8647693836836046,1.7026191922295262,1.1877332426912297,1.4363574426792796,0.7098805178637743,0.7680754793024492,-0.3436597655884195,0.3408116457925105,1.6801883804605677,-0.3390960565312431,-0.1662778952554267,0.28447259178275414,0.5921552115548135,-0.3401012710993911,-0.3951894283460619,16845.0
-1.4706644392318151,-0.8459558861173226,0.8647693836836046,1.7026191922295262,1.1877332426912297,1.3886529076530807,0.7098805178637743,0.9560569464824431,-0.3436597655884195,0.3408116457925105,1.6801883804605677,-0.3390960565312431,-0.36652868582667103,1.518625248265849,0.3824774765024867,-0.9643967550352598,-0.8364842899991641,19045.0
-1.4706644392318151,-0.8459558861173226,0.8647693836836046,1.7026191922295262,1.1877332426912297,1.4363574426792796,0.7098805178637743,0.8843526754962598,1.548822779158766,1.112949900719396,0.9322568225558516,-1.2272507800955563,-0.3414973370052652,0.8210607032971432,0.8018329466071403,-1.120470626019227,-1.1306808644345656,21485.0
-1.4706644392318151,-0.8459558861173226,0.8647693836836046,1.7026191922295262,1.1877332426912297,1.4363574426792796,0.7098805178637743,1.2816330958251128,1.548822779158766,0.43732892765837117,-1.1993481174725933,0.45389923236546575,3.212954195634319,0.06983734717699848,-0.6659111987591474,0.12812034185251042,-0.5422877155637627,22470.0
-1.4706644392318151,-0.8459558861173226,0.8647693836836046,1.7026191922295262,1.1877332426912297,1.4363574426792796,0.7098805178637743,0.981250338991102,-0.3436597655884195,0.3408116457925105,1.6801883804605677,-0.3390960565312431,-0.1662778952554267,0.28447259178275414,0.5921552115548135,-0.9643967550352598,-0.8364842899991641,22625.0
